user_id,current_queue_type,current_score,is_active,last_queue_check
3212,,50,t,2025-08-18 12:33:50.378
3207,,50,t,2025-08-18 12:33:50.146
3203,,50,t,2025-08-18 12:33:49.913
3202,,50,t,2025-08-18 12:33:49.681
3201,,50,t,2025-08-18 12:33:49.448
3197,,50,t,2025-08-18 12:33:49.214
3196,,50,t,2025-08-18 12:33:48.98
3195,,50,t,2025-08-18 12:33:48.748
3194,,50,t,2025-08-18 12:33:48.515
3193,unsigned_users,50,f,2025-08-18 12:33:48.283
3192,,50,t,2025-08-18 12:33:48.049
3190,,50,t,2025-08-18 12:33:47.817
3188,,50,t,2025-08-18 12:33:47.585
3187,,50,t,2025-08-18 12:33:47.352
3185,,50,t,2025-08-18 12:33:47.119
3183,,50,t,2025-08-18 12:33:46.886
3180,,50,t,2025-08-18 12:33:46.654
3173,,50,t,2025-08-18 12:33:46.422
3172,,50,t,2025-08-18 12:33:46.19
3171,,50,t,2025-08-18 12:33:45.957
3169,,50,t,2025-08-18 12:33:45.725
3168,,50,t,2025-08-18 12:33:45.492
3163,,50,t,2025-08-18 12:33:45.259
3162,,50,t,2025-08-18 12:33:45.027
3161,,50,t,2025-08-18 12:33:44.795
3159,,50,t,2025-08-18 12:33:44.563
3158,,50,t,2025-08-18 12:33:44.33
3156,,50,t,2025-08-18 12:33:44.098
3155,,50,t,2025-08-18 12:33:43.866
3154,,50,t,2025-08-18 12:33:43.634
3153,,50,t,2025-08-18 12:33:43.325
3152,unsigned_users,50,t,2025-08-18 12:33:43.093
3151,unsigned_users,50,t,2025-08-18 12:33:42.861
3150,unsigned_users,50,t,2025-08-18 12:33:42.628
3149,unsigned_users,50,t,2025-08-18 12:33:42.396
3148,,50,t,2025-08-18 12:33:42.16
3147,,50,t,2025-08-18 12:33:41.927
3146,,50,t,2025-08-18 12:33:41.696
3144,unsigned_users,50,t,2025-08-18 12:33:41.464
3142,unsigned_users,50,t,2025-08-18 12:33:41.232
3140,,50,t,2025-08-18 12:33:40.999
3139,,50,t,2025-08-18 12:33:40.766
3138,unsigned_users,50,t,2025-08-18 12:33:40.534
3137,unsigned_users,50,t,2025-08-18 12:33:40.302
3136,unsigned_users,50,t,2025-08-18 12:33:40.07
3134,,50,t,2025-08-18 12:33:39.837
3132,,50,t,2025-08-18 12:33:39.605
3131,,50,t,2025-08-18 12:33:39.373
3130,,50,t,2025-08-18 12:33:39.138
3129,unsigned_users,50,t,2025-08-18 12:33:38.903
3127,,50,t,2025-08-18 12:33:38.671
3126,unsigned_users,50,t,2025-08-18 12:33:38.438
3125,,50,t,2025-08-18 12:33:38.206
3124,,50,t,2025-08-18 12:33:37.974
3123,unsigned_users,50,t,2025-08-18 12:33:37.741
3117,,50,t,2025-08-18 12:33:37.509
3116,unsigned_users,50,t,2025-08-18 12:33:37.277
3114,unsigned_users,50,t,2025-08-18 12:33:37.045
3113,,50,t,2025-08-18 12:33:36.812
3112,unsigned_users,50,t,2025-08-18 12:33:36.579
3109,unsigned_users,50,t,2025-08-18 12:33:36.347
3106,,50,t,2025-08-18 12:33:36.115
3104,unsigned_users,50,t,2025-08-18 12:33:35.882
3103,,50,t,2025-08-18 12:33:35.65
3102,unsigned_users,50,t,2025-08-18 12:33:35.418
3101,,50,t,2025-08-18 12:33:35.185
3100,,50,t,2025-08-18 12:33:34.952
3098,,50,t,2025-08-18 12:33:34.719
3096,,50,t,2025-08-18 12:33:34.485
3095,,50,t,2025-08-18 12:33:34.253
3094,unsigned_users,50,t,2025-08-18 12:33:34.02
3092,unsigned_users,50,t,2025-08-18 12:33:33.785
3091,unsigned_users,50,t,2025-08-18 12:33:33.55
3090,,50,t,2025-08-18 12:33:33.315
3089,,50,t,2025-08-18 12:33:33.083
3088,,50,t,2025-08-18 12:33:32.851
3086,,50,t,2025-08-18 12:33:32.619
3083,,50,t,2025-08-18 12:33:32.387
3081,,50,t,2025-08-18 12:33:32.155
3079,,50,t,2025-08-18 12:33:31.923
3078,,50,t,2025-08-18 12:33:31.69
3077,,50,t,2025-08-18 12:33:31.458
3076,,50,t,2025-08-18 12:33:31.225
3075,,50,t,2025-08-18 12:33:30.993
3072,,50,t,2025-08-18 12:33:30.761
3071,,50,t,2025-08-18 12:33:30.527
3070,,50,t,2025-08-18 12:33:30.294
3069,,50,t,2025-08-18 12:33:30.061
3067,,50,t,2025-08-18 12:33:29.828
3066,,50,t,2025-08-18 12:33:29.591
3065,,50,t,2025-08-18 12:33:29.359
3064,,50,t,2025-08-18 12:33:29.113
3063,,50,t,2025-08-18 12:33:28.881
3062,,50,t,2025-08-18 12:33:28.649
3061,,50,t,2025-08-18 12:33:28.416
3060,,50,t,2025-08-18 12:33:28.106
3059,,50,t,2025-08-18 12:33:27.874
3058,,50,t,2025-08-18 12:33:27.642
3054,,50,t,2025-08-18 12:33:27.409
3053,,50,t,2025-08-18 12:33:27.177
3050,,50,t,2025-08-18 12:33:26.944
3048,,50,t,2025-08-18 12:33:26.712
3043,,50,t,2025-08-18 12:33:26.48
3041,,50,t,2025-08-18 12:33:26.248
3039,,50,t,2025-08-18 12:33:26.016
3038,,50,t,2025-08-18 12:33:25.783
3037,,50,t,2025-08-18 12:33:25.55
3036,,50,t,2025-08-18 12:33:25.317
3035,,50,t,2025-08-18 12:33:25.085
3034,,50,t,2025-08-18 12:33:24.852
3028,,50,t,2025-08-18 12:33:24.62
3027,,50,t,2025-08-18 12:33:24.388
3023,,50,t,2025-08-18 12:33:24.077
3022,,50,t,2025-08-18 12:33:18.433
3017,,50,t,2025-08-18 12:33:18.198
3016,,50,t,2025-08-18 12:33:17.963
3015,,50,t,2025-08-18 12:33:17.728
3014,,50,t,2025-08-18 12:33:17.494
3012,,50,t,2025-08-18 12:33:17.26
3010,,50,t,2025-08-18 12:33:17.026
3009,,50,t,2025-08-18 12:33:16.792
3008,,50,t,2025-08-18 12:33:16.558
3006,,50,t,2025-08-18 12:33:16.324
3004,,50,t,2025-08-18 12:33:16.09
3000,,50,t,2025-08-18 12:33:15.854
2999,,50,t,2025-08-18 12:33:15.609
2996,,50,t,2025-08-18 12:33:15.375
2995,,50,t,2025-08-18 12:33:15.142
2994,,50,t,2025-08-18 12:33:14.908
2992,,50,t,2025-08-18 12:33:14.674
2991,,50,t,2025-08-18 12:33:14.44
2990,,50,t,2025-08-18 12:33:14.206
2989,,50,t,2025-08-18 12:33:13.973
2988,,50,t,2025-08-18 12:33:13.739
2986,,50,t,2025-08-18 12:33:13.506
2985,,50,t,2025-08-18 12:33:13.272
2982,,50,t,2025-08-18 12:33:13.038
2981,,50,t,2025-08-18 12:33:12.803
2980,,50,t,2025-08-18 12:33:12.567
2979,,50,t,2025-08-18 12:33:12.334
2974,,50,t,2025-08-18 12:33:12.1
2972,,50,t,2025-08-18 12:33:11.864
2971,,50,t,2025-08-18 12:33:11.63
2970,,50,t,2025-08-18 12:33:11.396
2969,,50,t,2025-08-18 12:33:11.161
2967,,50,t,2025-08-18 12:33:10.925
2964,,50,t,2025-08-18 12:33:10.685
2963,,50,t,2025-08-18 12:33:10.451
2962,,50,t,2025-08-18 12:33:10.217
2961,,50,t,2025-08-18 12:33:09.983
2957,,50,t,2025-08-18 12:33:09.749
2955,,50,t,2025-08-18 12:33:09.515
2954,,50,t,2025-08-18 12:33:09.281
2952,,50,t,2025-08-18 12:33:09.047
2951,,50,t,2025-08-18 12:33:08.812
2950,,50,t,2025-08-18 12:33:08.578
2947,,50,t,2025-08-18 12:33:08.344
2944,,50,t,2025-08-18 12:33:08.032
2941,,50,t,2025-08-18 12:33:07.798
2935,,50,t,2025-08-18 12:33:07.561
2933,,50,t,2025-08-18 12:33:07.326
2932,,50,t,2025-08-18 12:33:07.092
2930,,50,t,2025-08-18 12:33:06.857
2929,,50,t,2025-08-18 12:33:06.624
2928,,50,t,2025-08-18 12:33:06.385
2926,,50,t,2025-08-18 12:33:06.146
2925,,50,t,2025-08-18 12:33:05.907
2924,,50,t,2025-08-18 12:33:05.669
2923,,50,t,2025-08-18 12:33:05.43
2921,,50,t,2025-08-18 12:33:05.191
2918,,50,t,2025-08-18 12:33:04.952
2915,,50,t,2025-08-18 12:33:04.711
2912,,50,t,2025-08-18 12:33:04.472
2909,,50,t,2025-08-18 12:33:04.233
2908,,50,t,2025-08-18 12:33:03.993
2907,,50,t,2025-08-18 12:33:03.754
2904,,50,t,2025-08-18 12:33:03.516
2901,,50,t,2025-08-18 12:33:03.198
2898,,50,t,2025-08-18 12:33:02.959
2896,,50,t,2025-08-18 12:33:02.721
2894,,50,t,2025-08-18 12:33:02.482
2893,,50,t,2025-08-18 12:33:02.244
2892,,50,t,2025-08-18 12:33:02.004
2891,,50,t,2025-08-18 12:33:01.765
2890,,50,t,2025-08-18 12:33:01.527
2888,,50,t,2025-08-18 12:33:01.289
2886,,50,t,2025-08-18 12:33:01.05
2885,,50,t,2025-08-18 12:33:00.809
2880,,50,t,2025-08-18 12:33:00.561
2879,,50,t,2025-08-18 12:33:00.323
2877,,50,t,2025-08-18 12:33:00.084
2876,,50,t,2025-08-18 12:32:59.843
2873,,50,t,2025-08-18 12:32:59.605
2871,,50,t,2025-08-18 12:32:59.366
2868,,50,t,2025-08-18 12:32:59.128
2866,,50,t,2025-08-18 12:32:58.888
2863,,50,t,2025-08-18 12:32:58.649
2861,,50,t,2025-08-18 12:32:58.41
2856,,50,t,2025-08-18 12:32:58.171
2854,,50,t,2025-08-18 12:32:57.932
2853,,50,t,2025-08-18 12:32:57.694
2852,,50,t,2025-08-18 12:32:57.454
2851,,50,t,2025-08-18 12:32:57.216
2850,,50,t,2025-08-18 12:32:56.978
2849,,50,t,2025-08-18 12:32:56.66
2844,,50,t,2025-08-18 12:32:56.427
2843,,50,t,2025-08-18 12:32:56.193
2841,,50,t,2025-08-18 12:32:55.953
2840,,50,t,2025-08-18 12:32:55.719
2838,,50,t,2025-08-18 12:32:55.485
2837,,50,t,2025-08-18 12:32:55.252
2836,,50,t,2025-08-18 12:32:55.018
2835,,50,t,2025-08-18 12:32:54.784
2832,,50,t,2025-08-18 12:32:54.55
2831,,50,t,2025-08-18 12:32:54.317
2829,,50,t,2025-08-18 12:32:54.083
2827,,50,t,2025-08-18 12:32:53.849
2826,,50,t,2025-08-18 12:32:53.615
2825,,50,t,2025-08-18 12:32:53.381
2823,,50,t,2025-08-18 12:32:53.07
2822,,50,t,2025-08-18 12:32:36.195
2820,,50,t,2025-08-18 12:32:35.966
2819,,50,t,2025-08-18 12:32:35.738
2817,,50,t,2025-08-18 12:32:35.509
2816,,50,t,2025-08-18 12:32:35.281
2814,,50,t,2025-08-18 12:32:35.052
2811,,50,t,2025-08-18 12:32:34.824
2810,,50,t,2025-08-18 12:32:34.595
2809,,50,t,2025-08-18 12:32:34.366
2807,,50,t,2025-08-18 12:32:34.138
2806,,50,t,2025-08-18 12:32:33.909
2805,,50,t,2025-08-18 12:32:33.68
2804,,50,t,2025-08-18 12:32:33.452
2802,,50,t,2025-08-18 12:32:33.223
2799,,50,t,2025-08-18 12:32:32.994
2798,,50,t,2025-08-18 12:32:32.766
2796,,50,t,2025-08-18 12:32:32.537
2794,,50,t,2025-08-18 12:32:32.308
2793,,50,t,2025-08-18 12:32:32.079
2792,,50,t,2025-08-18 12:32:31.85
2791,,50,t,2025-08-18 12:32:31.621
2790,,50,t,2025-08-18 12:32:31.393
2789,,50,t,2025-08-18 12:32:31.164
2786,,50,t,2025-08-18 12:32:30.935
2784,,50,t,2025-08-18 12:32:30.707
2782,,50,t,2025-08-18 12:32:30.478
2781,,50,t,2025-08-18 12:32:30.25
2780,unsigned_users,50,t,2025-08-18 12:32:30.021
2779,,50,t,2025-08-18 12:32:29.792
2778,unsigned_users,50,t,2025-08-18 12:32:29.563
2777,,50,t,2025-08-18 12:32:29.334
2776,unsigned_users,50,t,2025-08-18 12:32:29.106
2775,,50,t,2025-08-18 12:32:28.877
2774,,50,t,2025-08-18 12:32:28.648
2773,,50,t,2025-08-18 12:32:28.419
2772,,50,t,2025-08-18 12:32:28.191
2771,,50,t,2025-08-18 12:32:27.962
2770,,50,t,2025-08-18 12:32:27.657
2769,,50,t,2025-08-18 12:32:27.429
2768,,50,t,2025-08-18 12:32:27.201
2767,,50,t,2025-08-18 12:32:26.972
2766,,50,t,2025-08-18 12:32:26.743
2765,unsigned_users,50,t,2025-08-18 12:32:26.514
2763,,50,t,2025-08-18 12:32:26.286
2762,,50,t,2025-08-18 12:32:26.058
2761,,50,t,2025-08-18 12:32:25.828
2760,unsigned_users,50,t,2025-08-18 12:32:25.6
2759,,50,t,2025-08-18 12:32:25.371
2758,,50,t,2025-08-18 12:32:25.142
2755,,50,t,2025-08-18 12:32:24.914
2753,,0,t,2025-08-18 12:32:24.684
2752,unsigned_users,50,t,2025-08-18 12:32:24.455
2749,unsigned_users,50,t,2025-08-18 12:32:24.227
2748,unsigned_users,50,t,2025-08-18 12:32:23.998
2747,unsigned_users,50,t,2025-08-18 12:32:23.769
2746,,50,t,2025-08-18 12:32:23.54
2745,,50,t,2025-08-18 12:32:23.312
2744,unsigned_users,50,t,2025-08-18 12:32:23.083
2743,,50,t,2025-08-18 12:32:22.855
2742,,50,t,2025-08-18 12:32:22.626
2741,,50,t,2025-08-18 12:32:22.398
2740,,50,t,2025-08-18 12:32:22.169
2739,,50,t,2025-08-18 12:32:21.94
2738,,50,t,2025-08-18 12:32:21.711
2737,,50,t,2025-08-18 12:32:21.482
2736,,50,t,2025-08-18 12:32:21.254
2735,,50,t,2025-08-18 12:32:21.025
2734,,50,t,2025-08-18 12:32:20.796
2733,,50,t,2025-08-18 12:32:20.567
2732,,50,t,2025-08-18 12:32:20.338
2731,,50,t,2025-08-18 12:32:20.109
2730,,50,t,2025-08-18 12:32:19.877
2729,,50,t,2025-08-18 12:32:19.648
2727,,50,t,2025-08-18 12:32:19.419
2725,,50,t,2025-08-18 12:32:19.19
2723,,50,t,2025-08-18 12:32:18.962
2722,,50,t,2025-08-18 12:32:18.733
2721,,50,t,2025-08-18 12:32:18.504
2720,,50,t,2025-08-18 12:32:18.276
2719,,50,t,2025-08-18 12:32:18.047
2718,,50,t,2025-08-18 12:32:17.818
2717,,50,t,2025-08-18 12:32:17.589
2712,,50,t,2025-08-18 12:32:17.36
2711,,50,t,2025-08-18 12:32:17.132
2710,,50,t,2025-08-18 12:32:16.903
2707,,50,t,2025-08-18 12:32:16.674
2705,,50,t,2025-08-18 12:32:16.445
2703,,50,t,2025-08-18 12:32:16.217
2699,,50,t,2025-08-18 12:32:15.988
2697,,50,t,2025-08-18 12:32:15.759
2694,,50,t,2025-08-18 12:32:15.53
2693,,50,t,2025-08-18 12:32:15.301
2692,,50,t,2025-08-18 12:32:15.072
2688,,50,t,2025-08-18 12:32:14.844
2685,,50,t,2025-08-18 12:32:14.615
2681,unsigned_users,50,f,2025-08-18 12:32:14.386
2679,,50,t,2025-08-18 12:32:14.158
2678,,50,t,2025-08-18 12:32:13.929
2677,,50,t,2025-08-18 12:32:13.7
2676,,50,t,2025-08-18 12:32:13.471
2674,,50,t,2025-08-18 12:32:13.242
2673,,50,t,2025-08-18 12:32:13.014
2671,,50,t,2025-08-18 12:32:12.785
2666,,50,t,2025-08-18 12:32:12.481
2665,,50,t,2025-08-18 12:32:12.252
2664,,50,t,2025-08-18 12:32:12.023
2663,,50,t,2025-08-18 12:32:11.791
2660,,50,t,2025-08-18 12:32:11.563
2658,,50,t,2025-08-18 12:32:11.331
2657,,50,t,2025-08-18 12:32:11.085
2655,,50,t,2025-08-18 12:32:10.855
2652,,50,t,2025-08-18 12:32:10.624
2651,,50,t,2025-08-18 12:32:10.394
2649,,50,t,2025-08-18 12:32:10.163
2646,,50,t,2025-08-18 12:32:09.933
2644,,50,t,2025-08-18 12:32:09.702
2638,,50,t,2025-08-18 12:32:09.472
2634,,50,t,2025-08-18 12:32:09.241
2633,,50,t,2025-08-18 12:32:09.01
2627,,50,t,2025-08-18 12:32:08.78
2626,,0,t,2025-08-18 12:32:08.468
2623,,50,t,2025-08-18 12:32:08.238
2621,,50,t,2025-08-18 12:32:04.56
2620,,50,t,2025-08-18 12:32:04.33
2619,,50,t,2025-08-18 12:32:04.099
2618,,50,t,2025-08-18 12:32:03.869
2616,,50,t,2025-08-18 12:32:03.638
2615,,50,t,2025-08-18 12:32:03.407
2612,,50,t,2025-08-18 12:32:03.176
2611,,50,t,2025-08-18 12:32:02.945
2610,,50,t,2025-08-18 12:32:02.714
2608,,50,t,2025-08-18 12:32:02.484
2607,,50,t,2025-08-18 12:32:02.253
2606,,50,t,2025-08-18 12:32:02.022
2604,,50,t,2025-08-18 12:32:01.789
2599,,50,t,2025-08-18 12:32:01.556
2594,,50,t,2025-08-18 12:32:01.326
2593,,50,t,2025-08-18 12:32:01.095
2592,,50,t,2025-08-18 12:32:00.865
2590,,50,t,2025-08-18 12:32:00.634
2587,,50,t,2025-08-18 12:32:00.403
2586,,50,t,2025-08-18 12:32:00.173
2585,,50,t,2025-08-18 12:31:59.942
2584,,50,t,2025-08-18 12:31:59.711
2583,,50,t,2025-08-18 12:31:59.481
2582,,50,t,2025-08-18 12:31:59.249
2581,,50,t,2025-08-18 12:31:59.019
2580,,50,t,2025-08-18 12:31:58.788
2579,,50,t,2025-08-18 12:31:58.558
2577,,50,t,2025-08-18 12:31:58.328
2576,,50,t,2025-08-18 12:31:58.098
2575,,50,t,2025-08-18 12:31:57.801
2574,,50,t,2025-08-18 12:31:57.574
2572,,50,t,2025-08-18 12:31:57.27
2569,,50,t,2025-08-18 12:31:57.042
2568,,50,t,2025-08-18 12:31:56.813
2567,,50,t,2025-08-18 12:31:56.585
2566,,50,t,2025-08-18 12:31:56.356
2565,,50,t,2025-08-18 12:31:56.127
2564,,50,t,2025-08-18 12:31:55.899
2563,,50,t,2025-08-18 12:31:55.67
2562,,50,t,2025-08-18 12:31:55.442
2560,,50,t,2025-08-18 12:31:55.213
2559,,50,t,2025-08-18 12:31:54.985
2558,,50,t,2025-08-18 12:31:54.757
2557,,50,t,2025-08-18 12:31:54.529
2556,,50,t,2025-08-18 12:31:54.301
2555,,50,t,2025-08-18 12:31:54.073
2553,,50,t,2025-08-18 12:31:53.844
2551,,50,t,2025-08-18 12:31:53.615
2550,,50,t,2025-08-18 12:31:53.387
2546,,50,t,2025-08-18 12:31:53.159
2544,,50,t,2025-08-18 12:31:52.93
2543,,50,t,2025-08-18 12:31:52.702
2542,,50,t,2025-08-18 12:31:52.473
2537,,50,t,2025-08-18 12:31:52.245
2536,,50,t,2025-08-18 12:31:52.016
2528,,50,t,2025-08-18 12:31:51.785
2527,,50,t,2025-08-18 12:31:51.556
2524,,50,t,2025-08-18 12:31:51.328
2523,,50,t,2025-08-18 12:31:51.023
2518,,50,t,2025-08-18 12:31:50.793
2511,,50,t,2025-08-18 12:31:50.563
2509,,50,t,2025-08-18 12:31:50.332
2506,,50,t,2025-08-18 12:31:50.103
2505,,50,t,2025-08-18 12:31:49.873
2504,,50,t,2025-08-18 12:31:49.643
2503,,50,t,2025-08-18 12:31:49.413
2501,,50,t,2025-08-18 12:31:49.183
2500,,50,t,2025-08-18 12:31:48.952
2499,,50,t,2025-08-18 12:31:48.722
2497,,50,t,2025-08-18 12:31:48.492
2496,,50,t,2025-08-18 12:31:48.261
2494,,50,t,2025-08-18 12:31:48.031
2492,,50,t,2025-08-18 12:31:47.798
2490,,50,t,2025-08-18 12:31:47.567
2489,,50,t,2025-08-18 12:31:47.337
2488,,50,t,2025-08-18 12:31:47.107
2487,,50,t,2025-08-18 12:31:46.876
2485,,50,t,2025-08-18 12:31:46.642
2483,,50,t,2025-08-18 12:31:46.411
2481,,50,t,2025-08-18 12:31:46.181
2479,,50,t,2025-08-18 12:31:45.95
2477,,50,t,2025-08-18 12:31:45.72
2476,,50,t,2025-08-18 12:31:45.489
2474,,50,t,2025-08-18 12:31:45.259
2472,,50,t,2025-08-18 12:31:45.028
2471,,50,t,2025-08-18 12:31:44.797
2470,,50,t,2025-08-18 12:31:44.566
2468,,50,t,2025-08-18 12:31:44.336
2466,,50,t,2025-08-18 12:31:44.105
2465,,50,t,2025-08-18 12:31:43.874
2463,,50,t,2025-08-18 12:31:43.643
2458,,50,t,2025-08-18 12:31:43.412
2453,,50,t,2025-08-18 12:31:43.182
2452,,50,t,2025-08-18 12:31:42.952
2451,,50,t,2025-08-18 12:31:42.721
2450,,50,t,2025-08-18 12:31:42.491
2449,,50,t,2025-08-18 12:31:42.26
2440,,50,t,2025-08-18 12:31:42.03
2439,,50,t,2025-08-18 12:31:41.798
2438,,50,t,2025-08-18 12:31:41.567
2434,,50,t,2025-08-18 12:31:41.337
2431,,50,t,2025-08-18 12:31:41.107
2430,,50,t,2025-08-18 12:31:40.875
2427,,50,t,2025-08-18 12:31:40.637
2426,,50,t,2025-08-18 12:31:40.403
2423,,50,t,2025-08-18 12:31:40.089
9530,unsigned_users,13,t,2025-08-18 12:30:38.274
2421,,50,t,2025-08-18 12:29:29.275
2419,,50,t,2025-08-18 12:29:29.04
2418,,50,t,2025-08-18 12:29:28.806
2416,,50,t,2025-08-18 12:29:28.57
2412,,50,t,2025-08-18 12:29:28.334
2411,unsigned_users,50,t,2025-08-18 12:29:28.095
2409,,50,t,2025-08-18 12:29:27.859
2408,unsigned_users,50,t,2025-08-18 12:29:27.625
2407,,50,t,2025-08-18 12:29:27.391
2406,unsigned_users,50,t,2025-08-18 12:29:27.157
2402,,50,t,2025-08-18 12:29:26.922
2397,unsigned_users,50,t,2025-08-18 12:29:26.686
2396,,50,t,2025-08-18 12:29:26.452
2395,,50,t,2025-08-18 12:29:26.217
2394,unsigned_users,50,t,2025-08-18 12:29:25.983
2393,unsigned_users,50,t,2025-08-18 12:29:25.749
2392,,50,t,2025-08-18 12:29:25.515
2391,unsigned_users,50,t,2025-08-18 12:29:25.281
2389,,50,t,2025-08-18 12:29:24.97
2387,,50,t,2025-08-18 12:29:24.733
2386,,50,t,2025-08-18 12:29:24.497
2385,,50,t,2025-08-18 12:29:24.26
2384,,50,t,2025-08-18 12:29:24.023
2382,,50,t,2025-08-18 12:29:23.786
2381,,50,t,2025-08-18 12:29:23.549
2379,unsigned_users,50,t,2025-08-18 12:29:23.313
2377,,50,t,2025-08-18 12:29:23.073
2376,unsigned_users,50,t,2025-08-18 12:29:22.837
2375,,50,t,2025-08-18 12:29:22.6
2373,,50,t,2025-08-18 12:29:22.363
2371,,50,t,2025-08-18 12:29:22.126
2370,unsigned_users,50,t,2025-08-18 12:29:21.889
2369,,50,t,2025-08-18 12:29:21.653
2367,,50,t,2025-08-18 12:29:21.416
9633,manual_call,13,t,2025-08-18 12:29:21.186
2366,,50,t,2025-08-18 12:29:21.178
2365,,50,t,2025-08-18 12:29:20.94
2364,unsigned_users,50,t,2025-08-18 12:29:20.625
2363,,50,t,2025-08-18 12:29:20.387
2361,unsigned_users,50,t,2025-08-18 12:29:20.149
2360,unsigned_users,50,t,2025-08-18 12:29:19.91
2359,,50,t,2025-08-18 12:29:19.67
2356,,50,t,2025-08-18 12:29:19.433
2355,,50,t,2025-08-18 12:29:19.196
2354,,50,t,2025-08-18 12:29:18.959
2353,unsigned_users,50,t,2025-08-18 12:29:18.722
2352,,50,t,2025-08-18 12:29:18.485
2351,,50,t,2025-08-18 12:29:18.247
2348,,50,t,2025-08-18 12:29:18.01
2345,,50,t,2025-08-18 12:29:17.772
2343,,50,t,2025-08-18 12:29:17.535
2335,,50,t,2025-08-18 12:29:17.298
2334,,50,t,2025-08-18 12:29:17.061
2333,,50,t,2025-08-18 12:29:16.824
2330,,50,t,2025-08-18 12:29:16.587
2329,,50,t,2025-08-18 12:29:16.35
2327,,50,t,2025-08-18 12:29:16.113
2326,,50,t,2025-08-18 12:29:15.876
2324,,50,t,2025-08-18 12:29:15.639
2323,,50,t,2025-08-18 12:29:15.401
2321,,50,t,2025-08-18 12:29:15.161
2315,,50,t,2025-08-18 12:29:14.924
2314,,50,t,2025-08-18 12:29:14.687
2312,,50,t,2025-08-18 12:29:14.45
2311,,50,t,2025-08-18 12:29:14.213
2310,,50,t,2025-08-18 12:29:13.976
2308,unsigned_users,50,f,2025-08-18 12:29:13.738
2303,,50,t,2025-08-18 12:29:13.501
2298,,50,t,2025-08-18 12:29:13.264
2296,,50,t,2025-08-18 12:29:13.027
2295,,50,t,2025-08-18 12:29:12.791
2294,,50,t,2025-08-18 12:29:12.554
2291,,50,t,2025-08-18 12:29:12.317
2290,,50,t,2025-08-18 12:29:12.08
2284,,50,t,2025-08-18 12:29:11.843
2281,,50,t,2025-08-18 12:29:11.606
2280,,50,t,2025-08-18 12:29:11.369
2279,,50,t,2025-08-18 12:29:11.131
2278,,50,t,2025-08-18 12:29:10.894
2277,,50,t,2025-08-18 12:29:10.657
2276,,50,t,2025-08-18 12:29:10.421
2274,,50,t,2025-08-18 12:29:10.183
2271,,50,t,2025-08-18 12:29:09.945
2270,,50,t,2025-08-18 12:29:09.708
2269,,50,t,2025-08-18 12:29:09.471
2265,,50,t,2025-08-18 12:29:09.234
2262,,50,t,2025-08-18 12:29:08.997
2260,,50,t,2025-08-18 12:29:08.759
2258,,50,t,2025-08-18 12:29:08.522
2257,,50,t,2025-08-18 12:29:08.284
2256,,50,t,2025-08-18 12:29:08.047
2255,,50,t,2025-08-18 12:29:07.809
2254,unsigned_users,50,f,2025-08-18 12:29:07.572
2253,,50,t,2025-08-18 12:29:07.331
2250,,50,t,2025-08-18 12:29:07.094
2248,,50,t,2025-08-18 12:29:06.856
2247,,50,t,2025-08-18 12:29:06.619
2246,,50,t,2025-08-18 12:29:06.379
2245,,50,t,2025-08-18 12:29:06.139
2244,,50,t,2025-08-18 12:29:05.901
2241,,50,t,2025-08-18 12:29:05.664
2239,,50,t,2025-08-18 12:29:05.348
2238,,50,t,2025-08-18 12:29:05.111
2237,,50,t,2025-08-18 12:29:04.874
2235,,50,t,2025-08-18 12:29:04.637
2233,,50,t,2025-08-18 12:29:04.4
2231,,50,t,2025-08-18 12:29:04.161
2229,,50,t,2025-08-18 12:29:03.918
2228,,50,t,2025-08-18 12:29:03.68
2227,,50,t,2025-08-18 12:29:03.443
2226,,50,t,2025-08-18 12:29:03.205
2225,,50,t,2025-08-18 12:29:02.968
2224,,50,t,2025-08-18 12:29:02.73
2223,,50,t,2025-08-18 12:29:02.415
2219,,50,t,2025-08-18 12:28:36.905
2216,,50,t,2025-08-18 12:28:36.672
2214,,50,t,2025-08-18 12:28:36.438
2212,,50,t,2025-08-18 12:28:36.204
2207,,50,t,2025-08-18 12:28:35.969
2203,,50,t,2025-08-18 12:28:35.735
2201,,50,t,2025-08-18 12:28:35.501
2200,,50,t,2025-08-18 12:28:35.264
2199,,50,t,2025-08-18 12:28:35.03
2197,,50,t,2025-08-18 12:28:34.796
2194,,50,t,2025-08-18 12:28:34.562
2193,,50,t,2025-08-18 12:28:34.328
2192,,50,t,2025-08-18 12:28:34.094
2188,,50,t,2025-08-18 12:28:33.86
2185,,50,t,2025-08-18 12:28:33.627
2182,unsigned_users,50,f,2025-08-18 12:28:33.393
2180,,50,t,2025-08-18 12:28:33.159
2179,,50,t,2025-08-18 12:28:32.925
2178,,50,t,2025-08-18 12:28:32.691
2173,,50,t,2025-08-18 12:28:32.457
2172,,50,t,2025-08-18 12:28:32.223
2171,,50,t,2025-08-18 12:28:31.99
2168,,50,t,2025-08-18 12:28:31.755
2166,,50,t,2025-08-18 12:28:31.521
2164,,50,t,2025-08-18 12:28:31.287
2163,,50,t,2025-08-18 12:28:31.048
2162,,50,t,2025-08-18 12:28:30.814
2161,,50,t,2025-08-18 12:28:30.581
2158,,50,t,2025-08-18 12:28:30.347
2156,,50,t,2025-08-18 12:28:30.113
2155,,50,t,2025-08-18 12:28:29.879
2152,,50,t,2025-08-18 12:28:29.645
2150,,50,t,2025-08-18 12:28:29.412
2148,,50,t,2025-08-18 12:28:29.178
2147,,50,t,2025-08-18 12:28:28.944
2145,,50,t,2025-08-18 12:28:28.71
2140,,50,t,2025-08-18 12:28:28.476
2137,,50,t,2025-08-18 12:28:28.242
2135,,50,t,2025-08-18 12:28:28.008
2133,,50,t,2025-08-18 12:28:27.774
2132,,50,t,2025-08-18 12:28:27.54
2131,,50,t,2025-08-18 12:28:27.306
2128,,50,t,2025-08-18 12:28:27.067
2124,,50,t,2025-08-18 12:28:26.833
2123,unsigned_users,50,t,2025-08-18 12:28:26.598
2122,,50,t,2025-08-18 12:28:26.365
2119,,50,t,2025-08-18 12:28:26.131
2115,,50,t,2025-08-18 12:28:25.897
2113,,50,t,2025-08-18 12:28:25.585
2112,,50,t,2025-08-18 12:28:25.349
2109,unsigned_users,50,f,2025-08-18 12:28:25.115
2108,,50,t,2025-08-18 12:28:24.881
2106,unsigned_users,50,f,2025-08-18 12:28:24.647
2105,,50,t,2025-08-18 12:28:24.413
2104,,50,t,2025-08-18 12:28:24.179
2103,,50,t,2025-08-18 12:28:23.944
2102,,50,t,2025-08-18 12:28:23.708
2098,,50,t,2025-08-18 12:28:23.474
2097,,50,t,2025-08-18 12:28:23.24
2093,,50,t,2025-08-18 12:28:23.006
2089,,50,t,2025-08-18 12:28:22.772
2087,,50,t,2025-08-18 12:28:22.538
2086,,50,t,2025-08-18 12:28:22.304
2083,,50,t,2025-08-18 12:28:22.069
2080,,50,t,2025-08-18 12:28:21.836
2078,,50,t,2025-08-18 12:28:21.602
2074,,50,t,2025-08-18 12:28:21.367
2073,,50,t,2025-08-18 12:28:21.133
2067,,50,t,2025-08-18 12:28:20.899
2064,unsigned_users,225,t,2025-08-18 12:28:20.665
2063,,50,t,2025-08-18 12:28:20.431
2061,,50,t,2025-08-18 12:28:20.196
2060,,50,t,2025-08-18 12:28:19.962
2059,,50,t,2025-08-18 12:28:19.729
2057,,50,t,2025-08-18 12:28:19.495
2055,,50,t,2025-08-18 12:28:19.261
2052,unsigned_users,50,t,2025-08-18 12:28:19.027
2051,unsigned_users,50,t,2025-08-18 12:28:18.793
2050,unsigned_users,50,t,2025-08-18 12:28:18.554
2049,,50,t,2025-08-18 12:28:18.32
2048,,50,t,2025-08-18 12:28:18.086
2047,,50,t,2025-08-18 12:28:17.853
2046,unsigned_users,50,t,2025-08-18 12:28:17.619
2044,,50,t,2025-08-18 12:28:17.385
2042,unsigned_users,50,t,2025-08-18 12:28:17.151
2041,unsigned_users,50,t,2025-08-18 12:28:16.917
2040,,50,t,2025-08-18 12:28:16.683
2039,unsigned_users,50,t,2025-08-18 12:28:16.449
2038,,50,t,2025-08-18 12:28:16.211
2037,unsigned_users,50,t,2025-08-18 12:28:15.977
2036,,50,t,2025-08-18 12:28:15.743
2033,,50,t,2025-08-18 12:28:15.509
2030,unsigned_users,50,t,2025-08-18 12:28:15.272
2028,unsigned_users,50,t,2025-08-18 12:28:14.958
2027,unsigned_users,50,t,2025-08-18 12:28:14.722
2026,,50,t,2025-08-18 12:28:14.488
2022,,50,t,2025-08-18 12:28:14.177
9533,unsigned_users,20,t,2025-08-18 12:27:34.897
9538,unsigned_users,20,t,2025-08-18 12:26:54.32
9682,manual_call,110,t,2025-08-18 12:25:32.09
9638,unsigned_users,20,t,2025-08-18 12:20:12.704
9639,unsigned_users,20,t,2025-08-18 12:19:48.768
9641,unsigned_users,20,t,2025-08-18 12:18:48.915
9643,unsigned_users,20,t,2025-08-18 12:18:04.134
9652,unsigned_users,20,t,2025-08-18 12:17:23.765
9653,unsigned_users,20,t,2025-08-18 12:16:42.171
9655,unsigned_users,20,t,2025-08-18 12:15:27.994
9656,unsigned_users,20,t,2025-08-18 12:15:05.437
9659,unsigned_users,20,t,2025-08-18 12:14:00.241
9662,unsigned_users,20,t,2025-08-18 12:13:00.97
9664,unsigned_users,200,t,2025-08-18 12:11:54.061
9665,unsigned_users,20,t,2025-08-18 12:10:21.722
9672,unsigned_users,20,t,2025-08-18 12:09:23.472
9673,unsigned_users,20,t,2025-08-18 12:08:31.509
9686,unsigned_users,20,t,2025-08-18 12:07:53.257
9701,unsigned_users,20,t,2025-08-18 12:07:10.283
9702,unsigned_users,20,t,2025-08-18 12:06:32.3
9704,unsigned_users,20,t,2025-08-18 12:06:31.085
9716,unsigned_users,20,t,2025-08-18 12:05:50.523
9731,unsigned_users,13,t,2025-08-18 12:04:53.59
9726,unsigned_users,20,t,2025-08-18 12:04:15.579
2021,unsigned_users,50,t,2025-08-18 12:04:11.094
2020,,50,t,2025-08-18 12:04:10.786
2019,,50,t,2025-08-18 12:04:10.554
2018,unsigned_users,50,t,2025-08-18 12:04:10.323
2017,,50,t,2025-08-18 12:04:10.084
2016,unsigned_users,50,t,2025-08-18 12:04:09.846
2015,,50,t,2025-08-18 12:04:09.608
2014,,50,t,2025-08-18 12:04:09.37
2013,unsigned_users,50,t,2025-08-18 12:04:09.133
2012,,50,t,2025-08-18 12:04:08.895
2011,,50,t,2025-08-18 12:04:08.657
2010,,50,t,2025-08-18 12:04:07.852
2009,unsigned_users,50,t,2025-08-18 12:04:07.614
2005,,50,t,2025-08-18 12:04:07.383
2004,unsigned_users,50,t,2025-08-18 12:04:07.146
2003,,50,t,2025-08-18 12:04:06.911
2002,,50,t,2025-08-18 12:04:06.678
1998,unsigned_users,50,t,2025-08-18 12:04:06.445
1996,unsigned_users,50,t,2025-08-18 12:04:06.214
1995,,50,t,2025-08-18 12:04:05.982
1994,,50,t,2025-08-18 12:04:05.751
1993,unsigned_users,50,t,2025-08-18 12:04:05.52
1990,,50,t,2025-08-18 12:04:05.289
1988,,50,t,2025-08-18 12:04:05.057
1987,unsigned_users,50,t,2025-08-18 12:04:04.826
1986,unsigned_users,50,t,2025-08-18 12:04:04.595
1985,,50,t,2025-08-18 12:04:04.358
1984,,50,t,2025-08-18 12:04:04.126
1983,,50,t,2025-08-18 12:04:03.889
1981,,50,t,2025-08-18 12:04:03.657
1979,,50,t,2025-08-18 12:04:03.426
1978,,50,t,2025-08-18 12:04:03.195
1977,,50,t,2025-08-18 12:04:02.957
1976,unsigned_users,50,t,2025-08-18 12:04:02.725
1974,,50,t,2025-08-18 12:04:02.494
1970,,50,t,2025-08-18 12:04:02.263
1969,,50,t,2025-08-18 12:04:02.031
1968,,50,t,2025-08-18 12:04:01.799
1967,unsigned_users,50,t,2025-08-18 12:04:01.568
1966,,50,t,2025-08-18 12:04:01.336
1965,unsigned_users,50,t,2025-08-18 12:04:01.105
1964,,50,t,2025-08-18 12:04:00.873
1963,unsigned_users,50,t,2025-08-18 12:04:00.642
1962,,50,t,2025-08-18 12:04:00.41
1961,,50,t,2025-08-18 12:04:00.179
1959,unsigned_users,50,t,2025-08-18 12:03:59.948
1957,,50,t,2025-08-18 12:03:59.718
1956,,50,t,2025-08-18 12:03:59.487
1955,,50,t,2025-08-18 12:03:59.255
1954,,50,t,2025-08-18 12:03:59.023
1953,,50,t,2025-08-18 12:03:58.791
1952,,50,t,2025-08-18 12:03:58.56
1948,,50,t,2025-08-18 12:03:58.329
1946,,50,t,2025-08-18 12:03:58.098
1945,,50,t,2025-08-18 12:03:57.866
1941,,50,t,2025-08-18 12:03:57.634
1937,,50,t,2025-08-18 12:03:57.403
1936,,50,t,2025-08-18 12:03:57.167
1934,,50,t,2025-08-18 12:03:56.935
1932,,50,t,2025-08-18 12:03:56.704
1928,,50,t,2025-08-18 12:03:56.473
1925,,50,t,2025-08-18 12:03:56.241
1919,,50,t,2025-08-18 12:03:56.008
1918,,50,t,2025-08-18 12:03:55.7
1917,,50,t,2025-08-18 12:03:55.468
1915,,50,t,2025-08-18 12:03:55.237
1914,,50,t,2025-08-18 12:03:55.006
1912,,50,t,2025-08-18 12:03:54.775
1910,,50,t,2025-08-18 12:03:54.544
1908,,50,t,2025-08-18 12:03:54.31
1905,,50,t,2025-08-18 12:03:54.074
1900,,50,t,2025-08-18 12:03:53.842
1898,,50,t,2025-08-18 12:03:53.611
1897,,50,t,2025-08-18 12:03:53.377
1895,,50,t,2025-08-18 12:03:53.146
1894,,50,t,2025-08-18 12:03:52.915
1892,,50,t,2025-08-18 12:03:52.683
1891,,50,t,2025-08-18 12:03:52.452
1886,,50,t,2025-08-18 12:03:52.222
1885,,50,t,2025-08-18 12:03:51.984
1884,,50,t,2025-08-18 12:03:51.753
1882,,50,t,2025-08-18 12:03:51.521
9756,unsigned_users,13,t,2025-08-18 12:03:51.327
1881,,50,t,2025-08-18 12:03:51.283
1873,,50,t,2025-08-18 12:03:51.047
1868,,50,t,2025-08-18 12:03:50.735
1867,,50,t,2025-08-18 12:03:50.503
1866,,50,t,2025-08-18 12:03:50.273
1865,,50,t,2025-08-18 12:03:50.042
1864,,50,t,2025-08-18 12:03:49.811
1861,,50,t,2025-08-18 12:03:49.58
1859,,50,t,2025-08-18 12:03:49.349
1855,,50,t,2025-08-18 12:03:49.118
1852,,50,t,2025-08-18 12:03:48.886
1848,,50,t,2025-08-18 12:03:48.656
1846,,50,t,2025-08-18 12:03:48.425
1844,,50,t,2025-08-18 12:03:48.194
1842,,50,t,2025-08-18 12:03:47.964
1839,,50,t,2025-08-18 12:03:47.733
1837,,50,t,2025-08-18 12:03:47.501
1835,,50,t,2025-08-18 12:03:47.27
1834,,50,t,2025-08-18 12:03:47.039
1831,,50,t,2025-08-18 12:03:46.807
1830,,50,t,2025-08-18 12:03:46.576
1829,,50,t,2025-08-18 12:03:46.345
1828,,50,t,2025-08-18 12:03:46.109
1825,,50,t,2025-08-18 12:03:45.877
1822,,50,t,2025-08-18 12:03:45.569
1821,,50,t,2025-08-18 12:02:51.759
1817,,50,t,2025-08-18 12:02:51.525
1814,,50,t,2025-08-18 12:02:51.29
1808,,50,t,2025-08-18 12:02:51.056
1807,,50,t,2025-08-18 12:02:50.82
1805,,50,t,2025-08-18 12:02:50.586
9747,unsigned_users,13,t,2025-08-18 12:02:50.561
1804,,50,t,2025-08-18 12:02:50.351
1803,,50,t,2025-08-18 12:02:50.117
1799,,50,t,2025-08-18 12:02:49.883
1798,,50,t,2025-08-18 12:02:49.648
1795,,50,t,2025-08-18 12:02:49.337
1794,,50,t,2025-08-18 12:02:49.103
1793,,50,t,2025-08-18 12:02:48.864
1792,,50,t,2025-08-18 12:02:48.629
1790,,50,t,2025-08-18 12:02:48.394
1787,,50,t,2025-08-18 12:02:48.16
1785,,50,t,2025-08-18 12:02:47.927
1784,,50,t,2025-08-18 12:02:47.692
1782,,50,t,2025-08-18 12:02:47.458
1781,,50,t,2025-08-18 12:02:47.224
1780,,50,t,2025-08-18 12:02:46.989
1776,,50,t,2025-08-18 12:02:46.755
1774,,50,t,2025-08-18 12:02:46.52
1771,,50,t,2025-08-18 12:02:46.286
1769,,50,t,2025-08-18 12:02:46.052
1767,,50,t,2025-08-18 12:02:45.818
1764,,50,t,2025-08-18 12:02:45.584
1761,,50,t,2025-08-18 12:02:45.35
1759,,50,t,2025-08-18 12:02:45.116
1758,,50,t,2025-08-18 12:02:44.882
1757,,50,t,2025-08-18 12:02:44.648
1756,,50,t,2025-08-18 12:02:44.414
1754,,50,t,2025-08-18 12:02:44.18
1752,,50,t,2025-08-18 12:02:43.94
1742,,50,t,2025-08-18 12:02:43.706
1740,,50,t,2025-08-18 12:02:43.472
1738,,50,t,2025-08-18 12:02:43.238
1735,,50,t,2025-08-18 12:02:43.004
1733,,50,t,2025-08-18 12:02:42.77
1731,,50,t,2025-08-18 12:02:42.536
1730,,50,t,2025-08-18 12:02:42.302
1727,,50,t,2025-08-18 12:02:42.068
1723,,50,t,2025-08-18 12:02:41.834
1722,,50,t,2025-08-18 12:02:41.6
1721,,50,t,2025-08-18 12:02:41.366
1720,,50,t,2025-08-18 12:02:41.132
1719,,50,t,2025-08-18 12:02:40.898
1716,,50,t,2025-08-18 12:02:40.662
1715,,50,t,2025-08-18 12:02:40.428
1714,,50,t,2025-08-18 12:02:40.194
1712,,50,t,2025-08-18 12:02:39.96
1711,,50,t,2025-08-18 12:02:39.723
1710,,50,t,2025-08-18 12:02:39.489
1706,,50,t,2025-08-18 12:02:39.255
1700,,50,t,2025-08-18 12:02:39.02
1697,,50,t,2025-08-18 12:02:38.786
1696,,50,t,2025-08-18 12:02:38.551
1695,,50,t,2025-08-18 12:02:38.317
1687,,50,t,2025-08-18 12:02:38.083
1683,,50,t,2025-08-18 12:02:37.849
1658,unsigned_users,50,t,2025-08-18 12:02:37.613
1653,unsigned_users,50,t,2025-08-18 12:02:37.379
1652,unsigned_users,50,t,2025-08-18 12:02:37.145
1647,unsigned_users,50,t,2025-08-18 12:02:36.91
1646,unsigned_users,50,t,2025-08-18 12:02:36.677
1645,unsigned_users,50,t,2025-08-18 12:02:36.442
1642,unsigned_users,50,t,2025-08-18 12:02:36.208
1631,unsigned_users,50,t,2025-08-18 12:02:35.974
1625,,50,t,2025-08-18 12:02:35.74
1624,unsigned_users,56,t,2025-08-18 12:02:35.427
1623,,50,t,2025-08-18 12:02:35.192
1622,unsigned_users,56,t,2025-08-18 12:02:34.958
1621,,50,t,2025-08-18 12:02:33.887
1620,,50,t,2025-08-18 12:02:33.649
1618,,50,t,2025-08-18 12:02:33.412
1617,unsigned_users,56,t,2025-08-18 12:02:33.174
1616,unsigned_users,56,t,2025-08-18 12:02:32.937
1615,,50,t,2025-08-18 12:02:32.699
1613,,50,t,2025-08-18 12:02:32.461
1612,,50,t,2025-08-18 12:02:32.223
1610,unsigned_users,56,t,2025-08-18 12:02:31.986
1609,,50,t,2025-08-18 12:02:31.662
1608,,50,t,2025-08-18 12:02:31.423
1603,,50,t,2025-08-18 12:02:31.184
1602,,50,t,2025-08-18 12:02:30.942
1601,,50,t,2025-08-18 12:02:30.704
1598,,50,t,2025-08-18 12:02:30.466
1597,unsigned_users,56,t,2025-08-18 12:02:30.228
1596,unsigned_users,51,t,2025-08-18 12:02:29.99
1595,unsigned_users,56,t,2025-08-18 12:02:29.751
1594,,50,t,2025-08-18 12:02:29.514
1593,,0,t,2025-08-18 12:02:29.273
1592,,50,t,2025-08-18 12:02:29.035
1584,,50,t,2025-08-18 12:02:28.797
1582,,50,t,2025-08-18 12:02:28.558
1580,,50,t,2025-08-18 12:02:28.321
1578,,50,t,2025-08-18 12:02:28.083
1576,,50,t,2025-08-18 12:02:27.844
1575,,50,t,2025-08-18 12:02:27.606
1574,,50,t,2025-08-18 12:02:27.367
1571,,50,t,2025-08-18 12:02:27.129
1570,,50,t,2025-08-18 12:02:26.891
1569,,50,t,2025-08-18 12:02:26.653
1545,,50,t,2025-08-18 12:02:26.415
1543,,50,t,2025-08-18 12:02:26.177
1540,,50,t,2025-08-18 12:02:25.938
1539,,50,t,2025-08-18 12:02:25.701
1538,,50,t,2025-08-18 12:02:25.463
1533,,50,t,2025-08-18 12:02:25.225
1527,,50,t,2025-08-18 12:02:24.91
1526,,50,t,2025-08-18 12:02:24.678
1525,,50,t,2025-08-18 12:02:24.369
1523,,50,t,2025-08-18 12:02:24.136
1522,,50,t,2025-08-18 12:02:23.895
1521,,50,t,2025-08-18 12:02:23.661
1516,,50,t,2025-08-18 12:02:23.428
1513,,50,t,2025-08-18 12:02:23.194
1512,,50,t,2025-08-18 12:02:22.96
1511,,50,t,2025-08-18 12:02:22.727
1510,,50,t,2025-08-18 12:02:22.493
1507,,50,t,2025-08-18 12:02:22.261
1503,,50,t,2025-08-18 12:02:22.025
1502,,50,t,2025-08-18 12:02:21.791
1501,,50,t,2025-08-18 12:02:21.558
1500,,50,t,2025-08-18 12:02:21.324
1498,,50,t,2025-08-18 12:02:21.091
1497,,50,t,2025-08-18 12:02:20.857
1493,,50,t,2025-08-18 12:02:20.624
1491,,50,t,2025-08-18 12:02:20.39
1490,,50,t,2025-08-18 12:02:20.114
1485,,50,t,2025-08-18 12:02:19.877
1484,,50,t,2025-08-18 12:02:19.643
1481,,50,t,2025-08-18 12:02:19.409
1479,,50,t,2025-08-18 12:02:19.175
1476,,50,t,2025-08-18 12:02:18.943
1475,,50,t,2025-08-18 12:02:18.709
1474,,50,t,2025-08-18 12:02:18.475
1473,,50,t,2025-08-18 12:02:18.241
1470,,50,t,2025-08-18 12:02:18.007
1463,,50,t,2025-08-18 12:02:17.774
1462,,50,t,2025-08-18 12:02:17.541
1455,,50,t,2025-08-18 12:02:17.307
1452,,50,t,2025-08-18 12:02:17.073
1450,,50,t,2025-08-18 12:02:16.762
1448,,50,t,2025-08-18 12:02:16.529
1444,,50,t,2025-08-18 12:02:16.295
1443,,50,t,2025-08-18 12:02:16.06
1441,,50,t,2025-08-18 12:02:15.827
1440,,50,t,2025-08-18 12:02:15.593
1439,,50,t,2025-08-18 12:02:15.36
1436,,50,t,2025-08-18 12:02:15.126
1433,,50,t,2025-08-18 12:02:14.892
1432,,50,t,2025-08-18 12:02:14.659
1429,,50,t,2025-08-18 12:02:14.422
1427,,50,t,2025-08-18 12:02:14.188
1425,,50,t,2025-08-18 12:02:13.955
1424,,50,t,2025-08-18 12:02:13.718
1422,,50,t,2025-08-18 12:02:13.406
1418,,50,t,2025-08-18 12:01:47.507
1417,,50,t,2025-08-18 12:01:47.274
1415,,50,t,2025-08-18 12:01:47.04
1414,,50,t,2025-08-18 12:01:46.806
1412,,50,t,2025-08-18 12:01:46.572
1406,,50,t,2025-08-18 12:01:46.338
1403,,50,t,2025-08-18 12:01:46.105
1402,,50,t,2025-08-18 12:01:45.871
1401,,50,t,2025-08-18 12:01:45.637
1400,,50,t,2025-08-18 12:01:45.403
1398,,50,t,2025-08-18 12:01:45.169
1397,,50,t,2025-08-18 12:01:44.935
1396,,50,t,2025-08-18 12:01:44.701
1395,,50,t,2025-08-18 12:01:44.466
9749,unsigned_users,20,t,2025-08-18 12:01:44.37
1394,,50,t,2025-08-18 12:01:44.232
1389,,50,t,2025-08-18 12:01:43.998
1386,,50,t,2025-08-18 12:01:43.763
1385,,50,t,2025-08-18 12:01:43.529
1382,,50,t,2025-08-18 12:01:43.295
1381,,50,t,2025-08-18 12:01:43.061
1380,,50,t,2025-08-18 12:01:42.827
1378,,50,t,2025-08-18 12:01:42.593
1375,,50,t,2025-08-18 12:01:42.359
1371,,50,t,2025-08-18 12:01:42.115
1369,,50,t,2025-08-18 12:01:41.881
1367,,50,t,2025-08-18 12:01:41.646
1365,,50,t,2025-08-18 12:01:41.412
1364,,50,t,2025-08-18 12:01:41.1
1363,,50,t,2025-08-18 12:01:40.865
1362,,50,t,2025-08-18 12:01:40.631
1360,,50,t,2025-08-18 12:01:40.397
1359,,50,t,2025-08-18 12:01:40.163
1357,,50,t,2025-08-18 12:01:39.927
1356,,56,t,2025-08-18 12:01:39.683
1352,,50,t,2025-08-18 12:01:39.448
1350,,50,t,2025-08-18 12:01:39.209
1349,,50,t,2025-08-18 12:01:38.973
1347,,50,t,2025-08-18 12:01:38.739
1345,,50,t,2025-08-18 12:01:38.498
1344,,50,t,2025-08-18 12:01:38.263
1343,,50,t,2025-08-18 12:01:38.029
1340,,50,t,2025-08-18 12:01:37.794
1337,,50,t,2025-08-18 12:01:37.559
1335,,50,t,2025-08-18 12:01:37.324
1334,,50,t,2025-08-18 12:01:37.089
1333,,50,t,2025-08-18 12:01:36.855
1330,,50,t,2025-08-18 12:01:36.619
1326,,50,t,2025-08-18 12:01:36.383
1323,,50,t,2025-08-18 12:01:36.148
1321,,50,t,2025-08-18 12:01:35.914
1320,,50,t,2025-08-18 12:01:35.679
1318,,50,t,2025-08-18 12:01:35.444
1316,,50,t,2025-08-18 12:01:35.21
1315,,50,t,2025-08-18 12:01:34.975
1313,,50,t,2025-08-18 12:01:34.739
1311,,50,t,2025-08-18 12:01:34.504
1309,,50,t,2025-08-18 12:01:34.27
1307,,50,t,2025-08-18 12:01:34.035
1305,,50,t,2025-08-18 12:01:33.798
1303,,50,t,2025-08-18 12:01:33.486
1301,,50,t,2025-08-18 12:01:33.251
1299,,50,t,2025-08-18 12:01:33.017
1298,,50,t,2025-08-18 12:01:32.783
1297,,50,t,2025-08-18 12:01:32.548
1295,,50,t,2025-08-18 12:01:32.314
1294,,50,t,2025-08-18 12:01:32.08
1292,,50,t,2025-08-18 12:01:31.843
1291,unsigned_users,68,t,2025-08-18 12:01:31.596
1290,,50,t,2025-08-18 12:01:31.361
1289,,50,t,2025-08-18 12:01:31.127
1288,unsigned_users,60,t,2025-08-18 12:01:30.887
1286,,50,t,2025-08-18 12:01:30.651
1285,,50,t,2025-08-18 12:01:30.416
1284,,50,t,2025-08-18 12:01:30.181
1283,,50,t,2025-08-18 12:01:29.945
1282,,50,t,2025-08-18 12:01:29.711
1281,,50,t,2025-08-18 12:01:29.476
1280,,50,t,2025-08-18 12:01:29.241
1279,,50,t,2025-08-18 12:01:29.006
1275,,50,t,2025-08-18 12:01:28.771
1271,,50,t,2025-08-18 12:01:28.536
1269,unsigned_users,60,t,2025-08-18 12:01:28.302
1268,,50,t,2025-08-18 12:01:28.067
1267,,50,t,2025-08-18 12:01:27.832
1266,unsigned_users,60,t,2025-08-18 12:01:27.596
1265,,50,t,2025-08-18 12:01:27.362
1264,,50,t,2025-08-18 12:01:27.12
1263,,50,t,2025-08-18 12:01:26.873
1261,unsigned_users,73,t,2025-08-18 12:01:26.633
1258,,50,t,2025-08-18 12:01:26.398
1257,,50,t,2025-08-18 12:01:26.164
1255,,0,t,2025-08-18 12:01:25.929
1254,,50,t,2025-08-18 12:01:25.693
1251,,50,t,2025-08-18 12:01:25.457
1250,,50,t,2025-08-18 12:01:25.222
1249,,50,t,2025-08-18 12:01:24.987
1241,,50,t,2025-08-18 12:01:24.749
1237,,50,t,2025-08-18 12:01:24.515
1235,,50,t,2025-08-18 12:01:24.28
1234,,50,t,2025-08-18 12:01:24.045
1232,,50,t,2025-08-18 12:01:23.811
1227,,50,t,2025-08-18 12:01:23.575
1226,,50,t,2025-08-18 12:01:23.34
1224,,50,t,2025-08-18 12:01:23.026
9757,unsigned_users,20,t,2025-08-18 12:00:51.301
9758,unsigned_users,20,t,2025-08-18 12:00:26.352
9888,unsigned_users,30,t,2025-08-18 11:59:54.121
9769,unsigned_users,20,t,2025-08-18 11:59:54.076
9892,unsigned_users,20,t,2025-08-18 11:58:51.063
9895,unsigned_users,20,t,2025-08-18 11:58:50.771
9893,unsigned_users,20,t,2025-08-18 11:58:06.685
9894,unsigned_users,20,t,2025-08-18 11:57:40.695
9917,unsigned_users,110,t,2025-08-18 11:57:13.751
9906,unsigned_users,20,t,2025-08-18 11:56:56.02
9922,unsigned_users,20,t,2025-08-18 11:56:27.839
10088,unsigned_users,120,t,2025-08-18 11:56:26.568
9924,unsigned_users,20,t,2025-08-18 11:55:26.229
10045,unsigned_users,20,t,2025-08-18 11:54:05.4
10028,unsigned_users,20,t,2025-08-18 11:53:35.507
10839,unsigned_users,110,t,2025-08-18 11:52:04.357
10810,unsigned_users,20,t,2025-08-18 11:51:10.701
12035,unsigned_users,20,t,2025-08-18 11:50:14.345
11869,unsigned_users,20,t,2025-08-18 11:50:07.537
12976,unsigned_users,20,t,2025-08-18 11:49:26.889
9776,unsigned_users,30,t,2025-08-18 11:48:30.123
10890,unsigned_users,30,t,2025-08-18 11:47:36.329
10231,unsigned_users,30,t,2025-08-18 11:47:02.817
1214,,50,t,2025-08-18 11:43:02.2
1213,,50,t,2025-08-18 11:43:01.965
1208,,50,t,2025-08-18 11:43:01.73
1205,,50,t,2025-08-18 11:43:01.496
1203,,50,t,2025-08-18 11:43:01.261
1200,,50,t,2025-08-18 11:43:01.026
1194,,50,t,2025-08-18 11:43:00.791
1193,,50,t,2025-08-18 11:43:00.556
1188,,50,t,2025-08-18 11:43:00.322
1186,,50,t,2025-08-18 11:43:00.087
1183,,50,t,2025-08-18 11:42:59.853
1182,,50,t,2025-08-18 11:42:59.618
1180,,50,t,2025-08-18 11:42:59.384
1178,,50,t,2025-08-18 11:42:59.149
1177,,50,t,2025-08-18 11:42:58.915
1174,,50,t,2025-08-18 11:42:58.68
1172,,50,t,2025-08-18 11:42:58.446
1168,,50,t,2025-08-18 11:42:58.212
1165,,50,t,2025-08-18 11:42:57.977
1161,,50,t,2025-08-18 11:42:57.742
1159,unsigned_users,57,t,2025-08-18 11:42:57.508
1158,unsigned_users,73,t,2025-08-18 11:42:57.274
1157,,50,t,2025-08-18 11:42:57.039
1153,,50,t,2025-08-18 11:42:56.804
1152,,50,t,2025-08-18 11:42:56.569
1151,unsigned_users,73,t,2025-08-18 11:42:56.335
1150,,50,t,2025-08-18 11:42:56.1
1148,unsigned_users,73,t,2025-08-18 11:42:55.865
1147,,50,t,2025-08-18 11:42:55.631
1145,,50,t,2025-08-18 11:42:55.397
1144,,50,t,2025-08-18 11:42:55.162
1142,,50,t,2025-08-18 11:42:54.928
1140,unsigned_users,73,t,2025-08-18 11:42:54.693
1139,,50,t,2025-08-18 11:42:54.382
1138,,50,t,2025-08-18 11:42:54.147
1137,,50,t,2025-08-18 11:42:53.913
1136,unsigned_users,73,t,2025-08-18 11:42:53.678
1134,,50,t,2025-08-18 11:42:53.444
1133,,50,t,2025-08-18 11:42:53.21
1132,unsigned_users,73,t,2025-08-18 11:42:52.975
1131,unsigned_users,58,t,2025-08-18 11:42:52.741
1129,unsigned_users,73,t,2025-08-18 11:42:52.507
1128,,50,t,2025-08-18 11:42:52.273
1127,,50,t,2025-08-18 11:42:52.038
1126,,50,t,2025-08-18 11:42:51.804
1125,unsigned_users,73,t,2025-08-18 11:42:51.562
1124,,50,t,2025-08-18 11:42:51.327
1121,,50,t,2025-08-18 11:42:51.093
1120,,50,t,2025-08-18 11:42:50.859
1118,,50,t,2025-08-18 11:42:50.624
1117,,50,t,2025-08-18 11:42:50.39
1116,,50,t,2025-08-18 11:42:50.155
1113,,50,t,2025-08-18 11:42:49.921
1110,unsigned_users,73,t,2025-08-18 11:42:49.686
1108,unsigned_users,73,t,2025-08-18 11:42:49.452
1107,,50,t,2025-08-18 11:42:49.217
1106,,50,t,2025-08-18 11:42:48.983
1105,unsigned_users,60,t,2025-08-18 11:42:48.748
1102,,50,t,2025-08-18 11:42:48.514
1101,,50,t,2025-08-18 11:42:48.28
1100,unsigned_users,73,t,2025-08-18 11:42:48.045
1099,,50,t,2025-08-18 11:42:47.811
1096,,50,t,2025-08-18 11:42:47.577
1095,,50,t,2025-08-18 11:42:47.342
1094,,50,t,2025-08-18 11:42:47.108
1092,,50,t,2025-08-18 11:42:46.873
1088,,50,t,2025-08-18 11:42:46.639
1086,unsigned_users,73,t,2025-08-18 11:42:46.404
1084,,0,t,2025-08-18 11:42:46.169
1083,unsigned_users,58,t,2025-08-18 11:42:45.934
1080,,50,t,2025-08-18 11:42:45.699
1076,,50,t,2025-08-18 11:42:45.464
1075,,50,t,2025-08-18 11:42:45.23
1070,,50,t,2025-08-18 11:42:44.995
1067,,50,t,2025-08-18 11:42:44.761
1065,,50,t,2025-08-18 11:42:44.526
1063,,50,t,2025-08-18 11:42:44.291
1058,,50,t,2025-08-18 11:42:44.056
1054,,50,t,2025-08-18 11:42:43.821
1053,,50,t,2025-08-18 11:42:43.585
1049,,50,t,2025-08-18 11:42:43.342
1048,,50,t,2025-08-18 11:42:43.107
1047,,50,t,2025-08-18 11:42:42.872
1046,,50,t,2025-08-18 11:42:42.637
1043,,50,t,2025-08-18 11:42:42.403
1032,,50,t,2025-08-18 11:42:42.167
1030,,50,t,2025-08-18 11:42:41.93
1028,,50,t,2025-08-18 11:42:41.696
1023,,50,t,2025-08-18 11:42:41.461
1016,,50,t,2025-08-18 11:42:40.392
1012,,50,t,2025-08-18 11:42:40.157
1011,,50,t,2025-08-18 11:42:39.843
1010,,50,t,2025-08-18 11:42:39.608
1009,,50,t,2025-08-18 11:42:39.372
1000,,50,t,2025-08-18 11:42:39.136
997,,50,t,2025-08-18 11:42:38.9
996,,50,t,2025-08-18 11:42:38.662
989,,50,t,2025-08-18 11:42:38.425
987,,50,t,2025-08-18 11:42:38.188
986,,50,t,2025-08-18 11:42:37.95
983,,50,t,2025-08-18 11:42:37.714
981,,50,t,2025-08-18 11:42:37.479
977,,50,t,2025-08-18 11:42:37.243
973,,0,t,2025-08-18 11:42:37.005
959,,50,t,2025-08-18 11:42:36.769
958,,50,t,2025-08-18 11:42:36.533
951,,50,t,2025-08-18 11:42:36.297
950,,50,t,2025-08-18 11:42:36.061
949,,50,t,2025-08-18 11:42:35.824
948,,50,t,2025-08-18 11:42:35.588
947,,50,t,2025-08-18 11:42:35.351
944,,50,t,2025-08-18 11:42:35.114
938,,50,t,2025-08-18 11:42:34.878
935,,50,t,2025-08-18 11:42:34.642
933,,50,t,2025-08-18 11:42:34.406
932,,50,t,2025-08-18 11:42:34.17
931,,50,t,2025-08-18 11:42:33.934
930,,50,t,2025-08-18 11:42:33.698
929,,50,t,2025-08-18 11:42:33.462
910,,50,t,2025-08-18 11:42:33.226
908,,50,t,2025-08-18 11:42:32.99
904,,50,t,2025-08-18 11:42:32.754
903,,50,t,2025-08-18 11:42:32.519
897,,50,t,2025-08-18 11:42:32.283
895,,50,t,2025-08-18 11:42:32.047
892,,50,t,2025-08-18 11:42:31.809
891,,50,t,2025-08-18 11:42:31.572
885,,50,t,2025-08-18 11:42:31.337
883,,50,t,2025-08-18 11:42:31.101
881,,50,t,2025-08-18 11:42:30.865
878,,50,t,2025-08-18 11:42:30.629
877,,50,t,2025-08-18 11:42:30.393
873,,50,t,2025-08-18 11:42:30.156
869,,50,t,2025-08-18 11:42:29.92
864,,50,t,2025-08-18 11:42:29.685
863,,50,t,2025-08-18 11:42:29.446
862,,50,t,2025-08-18 11:42:29.21
859,,50,t,2025-08-18 11:42:28.974
857,,50,t,2025-08-18 11:42:28.737
855,,50,t,2025-08-18 11:42:28.501
850,,50,t,2025-08-18 11:42:28.266
848,,50,t,2025-08-18 11:42:28.029
835,,50,t,2025-08-18 11:42:27.793
833,,50,t,2025-08-18 11:42:27.557
830,,50,t,2025-08-18 11:42:27.32
828,,50,t,2025-08-18 11:42:27.084
822,,50,t,2025-08-18 11:42:26.77
818,,50,t,2025-08-18 11:42:05.354
816,,50,t,2025-08-18 11:42:05.12
815,,50,t,2025-08-18 11:42:04.885
813,,50,t,2025-08-18 11:42:04.65
810,,50,t,2025-08-18 11:42:04.416
809,,50,t,2025-08-18 11:42:04.182
808,,50,t,2025-08-18 11:42:03.948
807,,50,t,2025-08-18 11:42:03.713
798,,50,t,2025-08-18 11:42:03.479
796,,50,t,2025-08-18 11:42:03.244
788,,50,t,2025-08-18 11:42:02.931
786,,50,t,2025-08-18 11:42:02.697
784,,50,t,2025-08-18 11:42:02.462
781,,50,t,2025-08-18 11:42:02.229
780,,50,t,2025-08-18 11:42:01.997
777,unsigned_users,72,t,2025-08-18 11:42:01.763
773,unsigned_users,72,t,2025-08-18 11:42:01.53
772,,50,t,2025-08-18 11:42:01.296
770,unsigned_users,72,t,2025-08-18 11:42:01.063
768,,50,t,2025-08-18 11:42:00.823
767,,50,t,2025-08-18 11:42:00.589
766,unsigned_users,72,t,2025-08-18 11:42:00.356
765,unsigned_users,55,t,2025-08-18 11:42:00.122
764,,50,t,2025-08-18 11:41:59.889
763,,50,t,2025-08-18 11:41:59.652
762,unsigned_users,56,t,2025-08-18 11:41:59.418
761,,50,t,2025-08-18 11:41:59.185
760,unsigned_users,72,t,2025-08-18 11:41:58.951
759,unsigned_users,73,t,2025-08-18 11:41:58.717
757,unsigned_users,73,t,2025-08-18 11:41:58.484
756,unsigned_users,73,t,2025-08-18 11:41:58.251
755,unsigned_users,73,t,2025-08-18 11:41:58.018
754,unsigned_users,73,t,2025-08-18 11:41:57.785
750,unsigned_users,73,t,2025-08-18 11:41:57.551
749,unsigned_users,73,t,2025-08-18 11:41:57.317
747,unsigned_users,73,t,2025-08-18 11:41:57.084
744,unsigned_users,58,t,2025-08-18 11:41:56.85
743,unsigned_users,73,t,2025-08-18 11:41:56.616
742,unsigned_users,73,t,2025-08-18 11:41:56.383
739,,50,t,2025-08-18 11:41:56.149
738,,50,t,2025-08-18 11:41:55.915
737,,50,t,2025-08-18 11:41:55.682
736,,50,t,2025-08-18 11:41:55.448
732,,50,t,2025-08-18 11:41:55.215
731,,50,t,2025-08-18 11:41:54.982
730,,50,t,2025-08-18 11:41:54.748
729,,50,t,2025-08-18 11:41:54.515
727,,50,t,2025-08-18 11:41:54.281
724,unsigned_users,73,t,2025-08-18 11:41:54.048
721,unsigned_users,73,t,2025-08-18 11:41:53.814
719,,50,t,2025-08-18 11:41:53.579
718,unsigned_users,73,t,2025-08-18 11:41:53.345
714,,50,t,2025-08-18 11:41:53.111
713,,50,t,2025-08-18 11:41:52.877
712,unsigned_users,73,t,2025-08-18 11:41:52.643
711,,50,t,2025-08-18 11:41:52.408
709,unsigned_users,73,t,2025-08-18 11:41:52.174
707,,50,t,2025-08-18 11:41:51.939
706,unsigned_users,73,t,2025-08-18 11:41:51.702
705,unsigned_users,73,t,2025-08-18 11:41:51.467
703,,50,t,2025-08-18 11:41:51.231
701,,50,t,2025-08-18 11:41:50.997
697,,50,t,2025-08-18 11:41:50.762
691,,50,t,2025-08-18 11:41:50.528
690,,50,t,2025-08-18 11:41:50.294
679,,50,t,2025-08-18 11:41:50.059
678,,73,t,2025-08-18 11:41:49.815
676,,50,t,2025-08-18 11:41:49.58
675,,50,t,2025-08-18 11:41:49.345
673,,50,t,2025-08-18 11:41:49.111
671,,50,t,2025-08-18 11:41:48.876
667,,50,t,2025-08-18 11:41:48.642
666,,50,t,2025-08-18 11:41:48.366
656,,50,t,2025-08-18 11:41:48.129
654,,50,t,2025-08-18 11:41:47.817
649,,50,t,2025-08-18 11:41:47.583
647,,50,t,2025-08-18 11:41:47.35
645,,50,t,2025-08-18 11:41:47.117
642,,50,t,2025-08-18 11:41:46.884
640,,50,t,2025-08-18 11:41:46.651
634,,50,t,2025-08-18 11:41:46.418
633,,50,t,2025-08-18 11:41:46.184
628,,50,t,2025-08-18 11:41:45.951
627,,50,t,2025-08-18 11:41:45.717
626,,50,t,2025-08-18 11:41:45.484
625,,50,t,2025-08-18 11:41:45.251
624,,50,t,2025-08-18 11:41:45.016
621,,50,t,2025-08-18 11:41:44.783
619,,50,t,2025-08-18 11:41:43.717
616,,50,t,2025-08-18 11:41:43.483
612,,50,t,2025-08-18 11:41:43.25
611,,50,t,2025-08-18 11:41:43.016
610,,50,t,2025-08-18 11:41:42.782
609,,0,t,2025-08-18 11:41:42.546
604,,50,t,2025-08-18 11:41:42.311
600,,50,t,2025-08-18 11:41:42.078
598,,50,t,2025-08-18 11:41:41.845
590,,50,t,2025-08-18 11:41:41.611
588,,50,t,2025-08-18 11:41:41.377
587,,50,t,2025-08-18 11:41:41.144
585,,50,t,2025-08-18 11:41:40.91
583,,50,t,2025-08-18 11:41:40.677
582,,50,t,2025-08-18 11:41:40.443
581,,50,t,2025-08-18 11:41:40.21
577,,50,t,2025-08-18 11:41:39.977
575,,50,t,2025-08-18 11:41:39.743
569,,50,t,2025-08-18 11:41:39.51
564,,50,t,2025-08-18 11:41:39.277
559,,50,t,2025-08-18 11:41:39.042
553,,50,t,2025-08-18 11:41:38.808
547,,50,t,2025-08-18 11:41:38.575
539,,50,t,2025-08-18 11:41:38.341
536,,50,t,2025-08-18 11:41:38.108
535,,50,t,2025-08-18 11:41:37.875
531,,50,t,2025-08-18 11:41:37.641
529,,50,t,2025-08-18 11:41:37.408
527,,50,t,2025-08-18 11:41:37.174
526,,50,t,2025-08-18 11:41:36.94
525,,50,t,2025-08-18 11:41:36.705
521,,50,t,2025-08-18 11:41:36.393
520,,72,t,2025-08-18 11:41:36.16
517,,50,t,2025-08-18 11:41:35.926
515,,50,t,2025-08-18 11:41:35.693
514,,50,t,2025-08-18 11:41:35.459
504,,50,t,2025-08-18 11:41:35.224
502,,50,t,2025-08-18 11:41:34.99
495,,50,t,2025-08-18 11:41:34.757
493,,50,t,2025-08-18 11:41:34.523
492,,50,t,2025-08-18 11:41:34.29
490,,50,t,2025-08-18 11:41:34.057
488,,50,t,2025-08-18 11:41:33.823
485,,50,t,2025-08-18 11:41:33.586
480,,50,t,2025-08-18 11:41:33.352
479,,50,t,2025-08-18 11:41:33.118
478,,50,t,2025-08-18 11:41:32.884
477,,50,t,2025-08-18 11:41:32.649
476,,50,t,2025-08-18 11:41:32.351
460,,50,t,2025-08-18 11:41:32.117
459,,50,t,2025-08-18 11:41:31.884
449,,50,t,2025-08-18 11:41:31.651
442,,50,t,2025-08-18 11:41:31.417
437,,50,t,2025-08-18 11:41:31.184
434,,50,t,2025-08-18 11:41:30.949
428,,50,t,2025-08-18 11:41:30.715
423,,50,t,2025-08-18 11:41:30.405
419,,50,t,2025-08-18 11:41:04.283
416,,60,t,2025-08-18 11:41:04.049
415,,50,t,2025-08-18 11:41:03.815
414,,50,t,2025-08-18 11:41:03.582
411,,50,t,2025-08-18 11:41:03.348
410,,50,t,2025-08-18 11:41:03.114
408,,50,t,2025-08-18 11:41:02.878
405,,50,t,2025-08-18 11:41:02.643
404,,50,t,2025-08-18 11:41:02.41
402,,50,t,2025-08-18 11:41:02.176
401,unsigned_users,60,t,2025-08-18 11:41:01.942
399,,50,t,2025-08-18 11:41:01.708
397,,50,t,2025-08-18 11:41:01.468
395,unsigned_users,60,t,2025-08-18 11:41:01.233
391,,50,t,2025-08-18 11:41:01
390,,50,t,2025-08-18 11:41:00.766
388,,50,t,2025-08-18 11:41:00.521
387,unsigned_users,60,t,2025-08-18 11:41:00.287
384,,50,t,2025-08-18 11:41:00.053
382,unsigned_users,60,t,2025-08-18 11:40:59.819
381,,50,t,2025-08-18 11:40:59.586
379,,50,t,2025-08-18 11:40:59.349
376,unsigned_users,60,t,2025-08-18 11:40:59.115
375,unsigned_users,60,t,2025-08-18 11:40:58.875
370,unsigned_users,60,t,2025-08-18 11:40:58.642
368,,50,t,2025-08-18 11:40:58.407
366,unsigned_users,60,t,2025-08-18 11:40:58.173
365,,50,t,2025-08-18 11:40:57.939
364,unsigned_users,60,t,2025-08-18 11:40:57.705
362,,50,t,2025-08-18 11:40:57.472
361,,50,t,2025-08-18 11:40:57.238
360,,50,t,2025-08-18 11:40:57.005
359,unsigned_users,60,t,2025-08-18 11:40:56.771
357,unsigned_users,60,t,2025-08-18 11:40:56.537
354,unsigned_users,60,t,2025-08-18 11:40:56.303
352,,50,t,2025-08-18 11:40:56.069
350,unsigned_users,60,t,2025-08-18 11:40:55.836
349,unsigned_users,60,t,2025-08-18 11:40:55.602
347,,50,t,2025-08-18 11:40:55.368
346,,50,t,2025-08-18 11:40:55.135
341,unsigned_users,60,t,2025-08-18 11:40:54.901
340,,50,t,2025-08-18 11:40:54.668
336,unsigned_users,65,t,2025-08-18 11:40:54.433
335,unsigned_users,65,t,2025-08-18 11:40:54.2
334,unsigned_users,54,t,2025-08-18 11:40:53.966
333,,50,t,2025-08-18 11:40:53.732
332,unsigned_users,57,t,2025-08-18 11:40:53.499
331,unsigned_users,64,t,2025-08-18 11:40:53.265
330,unsigned_users,54,t,2025-08-18 11:40:52.954
329,unsigned_users,61,t,2025-08-18 11:40:52.721
328,unsigned_users,61,t,2025-08-18 11:40:52.487
327,unsigned_users,61,t,2025-08-18 11:40:52.253
326,,50,t,2025-08-18 11:40:52.019
325,,50,t,2025-08-18 11:40:51.785
323,,50,t,2025-08-18 11:40:51.551
321,,50,t,2025-08-18 11:40:51.317
318,,50,t,2025-08-18 11:40:51.084
316,,50,t,2025-08-18 11:40:50.849
315,,50,t,2025-08-18 11:40:50.615
314,,50,t,2025-08-18 11:40:50.381
313,,50,t,2025-08-18 11:40:50.145
312,,50,t,2025-08-18 11:40:49.912
309,,50,t,2025-08-18 11:40:49.678
303,,50,t,2025-08-18 11:40:49.444
302,,50,t,2025-08-18 11:40:49.207
299,,50,t,2025-08-18 11:40:48.972
295,,50,t,2025-08-18 11:40:48.739
293,,50,t,2025-08-18 11:40:48.504
289,,50,t,2025-08-18 11:40:48.269
287,,50,t,2025-08-18 11:40:48.035
281,,50,t,2025-08-18 11:40:47.801
277,,50,t,2025-08-18 11:40:47.567
275,,50,t,2025-08-18 11:40:47.333
273,,50,t,2025-08-18 11:40:47.1
271,,50,t,2025-08-18 11:40:46.866
264,,50,t,2025-08-18 11:40:46.631
258,,50,t,2025-08-18 11:40:46.397
257,,50,t,2025-08-18 11:40:46.163
256,,61,t,2025-08-18 11:40:45.929
255,,50,t,2025-08-18 11:40:45.695
254,,50,t,2025-08-18 11:40:45.461
253,,50,t,2025-08-18 11:40:45.226
251,,50,t,2025-08-18 11:40:44.992
249,,50,t,2025-08-18 11:40:44.758
246,,50,t,2025-08-18 11:40:44.524
245,,50,t,2025-08-18 11:40:44.289
239,,61,t,2025-08-18 11:40:44.052
238,,50,t,2025-08-18 11:40:43.818
228,,50,t,2025-08-18 11:40:43.584
227,,50,t,2025-08-18 11:40:43.348
225,,50,t,2025-08-18 11:40:43.114
222,,50,t,2025-08-18 11:40:42.88
216,,50,t,2025-08-18 11:40:41.525
211,,50,t,2025-08-18 11:40:41.292
208,,50,t,2025-08-18 11:40:41.058
207,,50,t,2025-08-18 11:40:40.822
202,,50,t,2025-08-18 11:40:40.588
200,,50,t,2025-08-18 11:40:40.353
197,,50,t,2025-08-18 11:40:40.119
194,,50,t,2025-08-18 11:40:39.885
192,,50,t,2025-08-18 11:40:39.651
183,,50,t,2025-08-18 11:40:39.416
179,,50,t,2025-08-18 11:40:39.105
175,,50,t,2025-08-18 11:40:38.87
173,,50,t,2025-08-18 11:40:38.634
171,,50,t,2025-08-18 11:40:38.4
162,,50,t,2025-08-18 11:40:38.166
157,,50,t,2025-08-18 11:40:37.932
154,,50,t,2025-08-18 11:40:37.697
150,,50,t,2025-08-18 11:40:37.462
148,,50,t,2025-08-18 11:40:37.227
147,,50,t,2025-08-18 11:40:36.992
145,,50,t,2025-08-18 11:40:36.757
141,,50,t,2025-08-18 11:40:36.521
138,,50,t,2025-08-18 11:40:36.287
129,,50,t,2025-08-18 11:40:36.052
124,,50,t,2025-08-18 11:40:35.817
122,,50,t,2025-08-18 11:40:35.579
120,,50,t,2025-08-18 11:40:35.345
119,,50,t,2025-08-18 11:40:35.11
112,,50,t,2025-08-18 11:40:34.876
111,,50,t,2025-08-18 11:40:34.641
100,,50,t,2025-08-18 11:40:34.405
92,,50,t,2025-08-18 11:40:34.166
80,,50,t,2025-08-18 11:40:33.93
79,,50,t,2025-08-18 11:40:33.614
78,,50,t,2025-08-18 11:40:33.38
74,,50,t,2025-08-18 11:40:33.146
70,,50,t,2025-08-18 11:40:32.912
69,,50,t,2025-08-18 11:40:32.678
61,,50,t,2025-08-18 11:40:32.441
57,,50,t,2025-08-18 11:40:32.206
56,,50,t,2025-08-18 11:40:31.971
55,,50,t,2025-08-18 11:40:31.736
54,,50,t,2025-08-18 11:40:31.501
42,,50,t,2025-08-18 11:40:31.266
36,,50,t,2025-08-18 11:40:31.031
33,,50,t,2025-08-18 11:40:30.796
32,,50,t,2025-08-18 11:40:30.562
30,,50,t,2025-08-18 11:40:30.327
29,,50,t,2025-08-18 11:40:30.091
24,,50,t,2025-08-18 11:40:29.857
9,,50,t,2025-08-18 11:40:29.542
9855,unsigned_users,30,t,2025-08-18 11:00:36.85
18621,,0,f,2025-08-18 11:00:26.136
9763,unsigned_users,20,t,2025-08-18 11:00:10.886
9784,unsigned_users,13,t,2025-08-18 10:59:25.693
9775,unsigned_users,20,t,2025-08-18 10:55:39.008
9777,unsigned_users,200,t,2025-08-18 10:55:26.187
9790,unsigned_users,20,t,2025-08-18 10:53:27.338
9788,unsigned_users,20,t,2025-08-18 10:52:40.186
9821,unsigned_users,20,t,2025-08-18 10:51:55.398
9791,unsigned_users,20,t,2025-08-18 10:51:53.766
9795,unsigned_users,20,t,2025-08-18 10:51:47.69
9807,unsigned_users,20,t,2025-08-18 10:51:02.975
9799,unsigned_users,20,t,2025-08-18 10:50:58.489
9816,unsigned_users,20,t,2025-08-18 10:50:22.7
9838,unsigned_users,60,t,2025-08-18 10:50:08.802
9824,unsigned_users,20,t,2025-08-18 10:49:48.675
9830,unsigned_users,20,t,2025-08-18 10:49:44.402
9852,unsigned_users,20,t,2025-08-18 10:49:12.591
9873,unsigned_users,20,t,2025-08-18 10:48:30.437
9915,unsigned_users,20,t,2025-08-18 10:47:59.95
10049,unsigned_users,13,t,2025-08-18 10:47:54.028
10024,unsigned_users,20,t,2025-08-18 10:46:16.41
9926,unsigned_users,20,t,2025-08-18 10:45:52.509
10019,unsigned_users,20,t,2025-08-18 10:45:10.636
10022,unsigned_users,20,t,2025-08-18 10:44:38.219
10044,unsigned_users,20,t,2025-08-18 10:43:50.61
2094,unsigned_users,53,t,2025-08-18 10:42:51.484
10030,unsigned_users,20,t,2025-08-18 10:40:35.226
10033,unsigned_users,20,t,2025-08-18 10:38:57.644
10073,unsigned_users,20,t,2025-08-18 10:37:59.286
10061,unsigned_users,20,t,2025-08-18 10:37:25.314
10064,unsigned_users,20,t,2025-08-18 10:37:13.967
10112,unsigned_users,20,t,2025-08-18 10:36:43.008
10086,unsigned_users,20,t,2025-08-18 10:36:36.971
10085,unsigned_users,20,t,2025-08-18 10:36:18.438
10091,unsigned_users,20,t,2025-08-18 10:35:46.978
10101,unsigned_users,20,t,2025-08-18 10:34:47.346
10103,unsigned_users,30,t,2025-08-18 10:34:39.985
10258,unsigned_users,30,t,2025-08-18 10:33:50.218
10184,unsigned_users,20,t,2025-08-18 10:33:46.309
10144,unsigned_users,30,t,2025-08-18 10:33:16.603
10254,unsigned_users,20,t,2025-08-18 10:33:07.572
10630,unsigned_users,20,t,2025-08-18 10:32:27.056
10105,unsigned_users,20,t,2025-08-18 10:30:30.707
10122,unsigned_users,20,t,2025-08-18 10:29:55.23
10132,unsigned_users,20,t,2025-08-18 10:28:58.346
10136,unsigned_users,20,t,2025-08-18 10:28:18.408
10133,unsigned_users,20,t,2025-08-18 10:28:02.736
10145,unsigned_users,20,t,2025-08-18 10:27:20.366
10147,unsigned_users,20,t,2025-08-18 10:27:08.827
10169,unsigned_users,20,t,2025-08-18 10:27:04.824
10148,unsigned_users,20,t,2025-08-18 10:25:49.125
10150,unsigned_users,20,t,2025-08-18 10:25:48.297
10152,unsigned_users,20,t,2025-08-18 10:25:07.685
10171,unsigned_users,30,t,2025-08-18 10:24:51.927
10186,unsigned_users,13,t,2025-08-18 10:24:06.639
10180,unsigned_users,20,t,2025-08-18 10:24:06.221
10202,manual_call,13,t,2025-08-18 10:23:30.235
10187,unsigned_users,20,t,2025-08-18 10:23:25.913
10200,unsigned_users,20,t,2025-08-18 10:22:40.434
10199,unsigned_users,20,t,2025-08-18 10:21:57.696
10312,manual_call,20,t,2025-08-18 10:21:08.258
10225,unsigned_users,20,t,2025-08-18 10:20:08.475
10230,unsigned_users,20,t,2025-08-18 10:19:30.301
10250,unsigned_users,13,t,2025-08-18 10:18:47.59
10237,unsigned_users,20,t,2025-08-18 10:18:47.516
10243,unsigned_users,20,t,2025-08-18 10:18:23.767
10251,unsigned_users,20,t,2025-08-18 10:14:22.29
10271,unsigned_users,20,t,2025-08-18 10:13:51.978
10303,unsigned_users,20,t,2025-08-18 10:13:08.437
10281,unsigned_users,20,t,2025-08-18 10:12:48.225
10384,unsigned_users,20,t,2025-08-18 10:12:03.028
10394,unsigned_users,20,t,2025-08-18 10:12:02.013
10402,unsigned_users,13,t,2025-08-18 10:11:55.753
10401,unsigned_users,20,t,2025-08-18 10:10:57.42
10418,unsigned_users,20,t,2025-08-18 10:10:39.308
10405,unsigned_users,200,t,2025-08-18 10:10:34.696
10422,unsigned_users,20,t,2025-08-18 10:09:36.943
10425,unsigned_users,20,t,2025-08-18 10:08:02.348
10426,unsigned_users,20,t,2025-08-18 10:07:49.177
14267,unsigned_users,30,t,2025-08-18 10:07:16.699
10437,unsigned_users,20,t,2025-08-18 10:07:07.419
10436,unsigned_users,20,t,2025-08-18 10:07:06.834
10442,unsigned_users,20,t,2025-08-18 10:06:26.961
10445,unsigned_users,20,t,2025-08-18 10:06:16.985
10453,unsigned_users,20,t,2025-08-18 10:05:46.446
10452,unsigned_users,20,t,2025-08-18 10:05:36.733
10467,unsigned_users,200,t,2025-08-18 10:04:35.447
10465,unsigned_users,20,t,2025-08-18 10:04:35.046
10470,unsigned_users,20,t,2025-08-18 10:04:01.033
10471,unsigned_users,20,t,2025-08-18 10:03:19.956
10519,unsigned_users,30,t,2025-08-18 10:02:52.934
10476,unsigned_users,20,t,2025-08-18 10:02:40.436
10513,unsigned_users,13,t,2025-08-18 10:02:25.317
10494,unsigned_users,200,t,2025-08-18 10:00:00.353
10491,unsigned_users,20,t,2025-08-18 09:59:49.267
10499,unsigned_users,110,t,2025-08-18 09:56:59.593
10506,unsigned_users,20,t,2025-08-18 09:56:36.079
10503,unsigned_users,20,t,2025-08-18 09:55:07.155
10514,unsigned_users,20,t,2025-08-18 09:54:13.498
10527,unsigned_users,20,t,2025-08-18 09:53:26.786
10537,unsigned_users,30,t,2025-08-18 09:53:16.568
10538,unsigned_users,20,t,2025-08-18 09:52:40.017
10541,unsigned_users,20,t,2025-08-18 09:52:25.77
10576,unsigned_users,20,t,2025-08-18 09:52:25.338
10553,unsigned_users,13,t,2025-08-18 09:51:30.352
10545,unsigned_users,200,t,2025-08-18 09:50:56.326
10546,unsigned_users,20,t,2025-08-18 09:49:04.326
10566,unsigned_users,110,t,2025-08-18 09:48:39.714
10555,unsigned_users,20,t,2025-08-18 09:47:59.594
10568,unsigned_users,20,t,2025-08-18 09:47:03.156
10571,unsigned_users,20,t,2025-08-18 09:46:09.182
10583,unsigned_users,20,t,2025-08-18 09:46:00.733
10587,unsigned_users,20,t,2025-08-18 09:45:30.59
10592,unsigned_users,20,t,2025-08-18 09:44:59.181
10590,unsigned_users,20,t,2025-08-18 09:44:57.019
10606,unsigned_users,21,t,2025-08-18 09:44:34.496
10601,unsigned_users,20,t,2025-08-18 09:44:09.857
10611,unsigned_users,20,t,2025-08-18 09:43:42.831
10623,unsigned_users,20,t,2025-08-18 09:43:03.315
10615,unsigned_users,20,t,2025-08-18 09:43:00.57
10629,unsigned_users,35,t,2025-08-18 09:42:40.94
10644,unsigned_users,20,t,2025-08-18 09:42:24.998
10641,unsigned_users,20,t,2025-08-18 09:42:08.993
10669,unsigned_users,30,t,2025-08-18 09:41:37.889
10652,unsigned_users,20,t,2025-08-18 09:41:33.078
10660,unsigned_users,20,t,2025-08-18 09:41:23.435
10795,unsigned_users,20,t,2025-08-18 09:40:40.369
10678,unsigned_users,20,t,2025-08-18 09:40:13.213
10714,unsigned_users,20,t,2025-08-18 09:40:12.852
10779,unsigned_users,20,t,2025-08-18 09:39:36.681
10804,unsigned_users,35,t,2025-08-18 09:39:06.078
10790,unsigned_users,20,t,2025-08-18 09:39:04.703
10801,unsigned_users,20,t,2025-08-18 09:38:18.09
10817,unsigned_users,200,t,2025-08-18 09:38:07.141
10809,unsigned_users,20,t,2025-08-18 09:37:49.635
10819,unsigned_users,20,t,2025-08-18 09:37:39.128
10816,unsigned_users,20,t,2025-08-18 09:37:10.186
10818,unsigned_users,20,t,2025-08-18 09:36:30.282
10837,unsigned_users,20,t,2025-08-18 09:36:06.752
10829,unsigned_users,20,t,2025-08-18 09:35:37.062
10877,unsigned_users,30,t,2025-08-18 09:35:32.274
10836,unsigned_users,20,t,2025-08-18 09:34:36.628
10862,unsigned_users,30,t,2025-08-18 09:33:36.889
10859,unsigned_users,20,t,2025-08-18 09:33:28.319
6213,unsigned_users,13,t,2025-08-18 09:32:09.84
10884,unsigned_users,13,t,2025-08-18 09:31:12.579
10882,unsigned_users,20,t,2025-08-18 09:29:59.605
10883,unsigned_users,20,t,2025-08-18 09:28:49.971
10885,unsigned_users,20,t,2025-08-18 09:27:44.281
10921,unsigned_users,20,t,2025-08-18 09:26:59.331
10960,unsigned_users,20,t,2025-08-18 09:26:27.141
10952,unsigned_users,20,t,2025-08-18 09:26:18.053
11125,unsigned_users,20,t,2025-08-18 09:25:57.526
11251,unsigned_users,13,t,2025-08-18 09:25:18.317
11367,unsigned_users,20,t,2025-08-18 09:25:13.133
11470,unsigned_users,35,t,2025-08-18 09:24:18.85
12382,unsigned_users,13,t,2025-08-18 09:22:20.106
12332,unsigned_users,20,t,2025-08-18 09:21:06.351
12444,manual_call,20,t,2025-08-18 09:20:40.923
13672,unsigned_users,20,t,2025-08-18 09:19:57.436
12463,unsigned_users,20,t,2025-08-18 09:19:41.461
13792,unsigned_users,20,t,2025-08-18 09:18:57.736
13982,unsigned_users,13,t,2025-08-18 09:18:31.915
13814,unsigned_users,20,t,2025-08-18 09:17:48.39
13854,unsigned_users,20,t,2025-08-18 09:16:49.088
14318,unsigned_users,110,t,2025-08-18 09:15:53.308
14264,unsigned_users,20,t,2025-08-18 09:15:31.689
18806,unsigned_users,200,t,2025-08-18 09:14:49.993
16572,unsigned_users,20,t,2025-08-18 09:13:41.055
3585,unsigned_users,12,t,2025-08-18 09:11:58.308
18857,unsigned_users,10,t,2025-08-18 09:10:05.526
11375,unsigned_users,30,t,2025-08-18 09:09:36.414
13360,unsigned_users,43,t,2025-08-18 09:08:44.43
10896,unsigned_users,30,t,2025-08-18 09:08:29.308
8729,unsigned_users,20,t,2025-08-18 09:07:40.049
10922,unsigned_users,30,t,2025-08-18 09:07:12.294
12974,unsigned_users,30,t,2025-08-18 09:06:53.587
10900,unsigned_users,45,t,2025-08-18 09:06:40.472
10966,manual_call,110,t,2025-08-18 09:05:25.917
17076,unsigned_users,61,t,2025-08-18 09:03:47.636
9854,manual_call,41,t,2025-08-18 09:03:15.143
11234,,0,f,2025-08-18 09:00:05.667
